<?xml version="1.0" encoding="UTF-8"?>

<!DOCTYPE mapper
    PUBLIC "-//mybatis.org//DTD Mapper 3.0//EN"
    "http://mybatis.org/dtd/mybatis-3-mapper.dtd">

<mapper namespace="com.tech.spring_tx_board.dao.IDao2">
	<sql id="includeCount">
		<choose>
			<when test="param2==1">
                     WHERE (BTITLE LIKE '%'||#{param1}||'%')          
			</when>
			<when test="param2==2">
                     WHERE (BCONTENT LIKE '%'||#{param1}||'%')        
			</when>
			<when test="param2==3">
                     WHERE (BTITLE LIKE '%'||#{param1}||'%' or BCONTENT LIKE '%'||#{param1}||'%')         
			</when>
			<otherwise>
				
			</otherwise>
			
		</choose>
    </sql>
	
	<select id="selectBoardCount" resultType="Integer">
		SELECT COUNT(*) FROM MVC_BOARD
		<include refid="includeCount" />
	</select>
	
	
	
	
</mapper>