<?xml version="1.0" encoding="UTF-8"?>

<!DOCTYPE mapper
    PUBLIC "-//mybatis.org//DTD Mapper 3.0//EN"
    "http://mybatis.org/dtd/mybatis-3-mapper.dtd">

<mapper namespace="com.tech.spring_tx_board.dao.IDao">
	<sql id="includeCount">
		<choose>
			<when test="param2==1">
                     WHERE (BTITLE LIKE '%'||#{param1}||'%')          
			</when>
			<when test="param2==2">
                     WHERE (BCONTENT LIKE '%'||#{param1}||'%')        
			</when>
			<when test="param2==3">
                     WHERE (BTITLE LIKE '%'||#{param1}||'%' or BCONTENT LIKE '%'||#{param1}||'%')         
			</when>
			<otherwise>
				
			</otherwise>
			
		</choose>
    </sql>
	<sql id="includeList">
		<choose>
			<when test="param4==1">
                     WHERE (BTITLE LIKE '%'||#{param3}||'%')          
			</when>
			<when test="param4==2">
                     WHERE (BCONTENT LIKE '%'||#{param3}||'%')        
			</when>
			<when test="param4==3">
                     WHERE (BTITLE LIKE '%'||#{param3}||'%' or BCONTENT LIKE '%'||#{param3}||'%')         
			</when>
			<otherwise>
				
			</otherwise>
			
		</choose>
    </sql>

	<select id="list" resultType="com.tech.spring_tx_board.dto.BoardDto">
		SELECT BID,BNAME,BTITLE,BCONTENT,BDATE,
		BHIT,BGROUP,BSTEP,BINDENT FROM
		(SELECT BID,BNAME,BTITLE,BCONTENT,BDATE,
		BHIT,BGROUP,BSTEP,BINDENT, ROW_NUMBER()
		OVER(ORDER BY BGROUP DESC,BSTEP ASC) B_SEQ 
		FROM MVC_BOARD
		<include refid="includeList" />
		) 
		WHERE B_SEQ BETWEEN #{param1} AND #{param2}
	</select>
	<!-- <select id="selectBoardCount" resultType="Integer">
		SELECT COUNT(*) FROM MVC_BOARD
		<include refid="includeCount" />
	</select>
	 -->
	
	<insert id="write">
		INSERT INTO MVC_BOARD(BID,BNAME,BTITLE,
					BCONTENT, BHIT,BGROUP,BSTEP,BINDENT,FILESRC)
					 VALUES(MVC_BOARD_SEQ.NEXTVAL,
					#{param1},#{param2},#{param3},0,
					MVC_BOARD_SEQ.CURRVAL,0,0,#{param4})
	
		<!-- INSERT ALL INTO MVC_BOARD(BID,BNAME,BTITLE,
					BCONTENT, BHIT,BGROUP,BSTEP,BINDENT,FILESRC)
					 VALUES(MVC_BOARD_SEQ.NEXTVAL,
					#{param1},#{param2},#{param3},0,
					MVC_BOARD_SEQ.CURRVAL,0,0,#{param4})
		INTO MVC_BOARDREPLY(RID,RNAME,RCONTENT)
		VALUES(MVC_BOARD_SEQ.CURRVAL,#{param1},#{param3}) SELECT * FROM DUAL -->
		
	</insert>
	<insert id="replywrite">
		INSERT INTO MVC_BOARDREPLY(RID,RNAME,RCONTENT)
		VALUES(#{param1},#{param2},#{param4})
	</insert>
	
	<select id="contentView" resultType="com.tech.spring_tx_board.dto.BoardDto">
		SELECT * FROM MVC_BOARD WHERE BID=#{param1}
	</select>
	
	<update id="upHit">
		UPDATE MVC_BOARD SET
				 BHIT=BHIT+1 WHERE BID=#{param1}
	</update>
		
	<update id="modify">
		UPDATE MVC_BOARD SET BNAME=#{param2},
					BTITLE=#{param3},BCONTENT=#{param4}
					 WHERE BID=#{param1}
	</update>
	<delete id="delete">
		DELETE FROM MVC_BOARD WHERE BID=#{param1}
	</delete>
	<select id="reply_view" resultType="com.tech.spring_tx_board.dto.BoardDto">
		SELECT * FROM MVC_BOARD WHERE BID=#{param1}
	</select>
	<insert id="reply">
		INSERT INTO MVC_BOARD(BID,BNAME,
					BTITLE,BCONTENT,
					BGROUP,BSTEP,BINDENT) 
					VALUES(MVC_BOARD_SEQ.NEXTVAL,
					#{param2},#{param3},#{param4},
					#{param5},#{param6}+1,#{param7}+1)
	</insert>
	
	<update id="stepup">
		UPDATE MVC_BOARD SET BSTEP=BSTEP+1
				 WHERE (BGROUP=#{param1} 
				 AND BSTEP>#{param2})
	</update>
	<select id="maxbid" resultType="Integer">
		SELECT MAX(BID) FROM MVC_BOARD
	</select>
	
</mapper>