<?xml version="1.0" encoding="UTF-8"?>

<!DOCTYPE mapper
    PUBLIC "-//mybatis.org//DTD Mapper 3.0//EN"
    "http://mybatis.org/dtd/mybatis-3-mapper.dtd">

<mapper namespace="com.tech.PlamingGo.dao.MovieDao">
	<!-- 1. mapper namespace = dao패키지의 DramaDao 클래스 접속 2. id = 메소드 이름 / dao 
		패키지의 인터페이스 DramaDao.java의 메소드 이름 = DramaDao.xml의 id 3. ArrayList타입의 <BoardDto>가 
		resultType에 속하게 됨 ... BoardDto는 .dto 패키지에 속하는 클래스 (왜 resultType을 ArrayList가 
		아닌 BoardDto로 두는가? → BoardDto만 열어서 가져와도 알아서 mybatis에 의해서 id가 list인 메소드 안의 
		sql문을 가져와서 실행한다.) 4. BoardDao클래스에서 ArrayList<BoardDto> list()의 sql문은 select이다. 
		5. <select></selct>안에는 해당 sql문장이 들어오고, 모두 대문자로 바꿔줌 ※ resultType은 return받는 
		타입이 void가 아닌 필드를 가진 곳에서 사용..! -->

	<!-- 드라마 리스트 -->
	<!-- <select id="drama" resultType="com.tech.PlamingGo.dto.DramaDto"> SELECT 
		DRAMA_CODE,DRAMA_IMG,DRAMA_TITLE,DRAMA_RATING,DRAMA_AGE,DRAMA_EPI FROM PG_DRAMA 
		ORDER BY DRAMA_DATE DESC, DRAMA_RATING DESC </select> -->

	<!-- 해당 드라마 상세보기 -->
	<!-- <select id="drama_detailview" resultType="com.tech.PlamingGo.dto.DramaDto"> 
		SELECT * FROM PG_DRAMA WHERE DRAMA_CODE=#{param1,jdbcType=VARCHAR} </select> -->
	<!--==================================================================== -->


	<select id="getmovielist"
		resultType="com.tech.PlamingGo.dto.MovieDto">

		SELECT
		MOVIE_CODE,
		MOVIE_TITLE,
		MOVIE_IMG,
		MOVIE_AGE,
		MOVIE_TIME,
		MOVIE_SUMMARY,
		MOVIE_DIRECTOR,
		MOVIE_ACTOR,
		MOVIE_GENRE,
		MOVIE_NATION,
		MOVIE_DATE,
		MOVIE_RATING

		FROM PG_MOVIE ORDER BY MOVIE_TITLE
		ASC

	</select>

	<select id="movie_detail"
		resultType="com.tech.PlamingGo.dto.MovieDto">
		SELECT * FROM PG_MOVIE WHERE
		MOVIE_CODE=#{param1,jdbcType=VARCHAR}

	</select>

	<update id="movie_modify_view">
		UPDATE PG_MOVIE SET
		MOVIE_TITLE=#{param2,
		jdbcType=VARCHAR},
		MOVIE_IMG=#{param3,
		jdbcType=VARCHAR},
		MOVIE_AGE=#{param4,
		jdbcType=VARCHAR},
		MOVIE_TIME=#{param5,
		jdbcType=VARCHAR},
		MOVIE_SUMMARY=#{param6,
		jdbcType=VARCHAR},
		MOVIE_DIRECTOR=#{param7,
		jdbcType=VARCHAR},
		MOVIE_ACTOR=#{param8,
		jdbcType=VARCHAR},
		MOVIE_GENRE=#{param9,
		jdbcType=VARCHAR},
		MOVIE_NATION=#{param10,
		jdbcType=VARCHAR},
		MOVIE_DATE=#{param11,
		jdbcType=VARCHAR}

		WHERE
		MOVIE_CODE =#{param1,
		jdbcType=VARCHAR}


	</update>

	<delete id="movie_delete">
		DELETE FROM PG_MOVIE WHERE MOVIE_CODE=#{param1,
		jdbcType=VARCHAR}
	</delete>

	<insert id="movie_insert_page">
		<!-- movie_insert_page에 가져와야 할 값이 있음으로 이쪽으로 연결해주기 -->
		INSERT INTO PG_MOVIE(MOVIE_CODE,MOVIE_TITLE,MOVIE_IMG,
		MOVIE_AGE,MOVIE_TIME,MOVIE_SUMMARY,MOVIE_DIRECTOR,
		MOVIE_ACTOR,MOVIE_GENRE,MOVIE_NATION,MOVIE_DATE) VALUES(

		MOVIE_CODE_SEQ.NEXTVAL,#{param1, jdbcType=VARCHAR},#{param2,
		jdbcType=VARCHAR},#{param3, jdbcType=VARCHAR},
		#{param4,
		jdbcType=VARCHAR},
		#{param5, jdbcType=VARCHAR},#{param6,
		jdbcType=VARCHAR},#{param7,
		jdbcType=VARCHAR},#{param8,
		jdbcType=VARCHAR}
		,#{param9, jdbcType=VARCHAR},#{param10,
		jdbcType=VARCHAR})

	</insert>

	<select id="review_list"
		resultType="com.tech.PlamingGo.dto.MovieDto">

		<!-- SELECT A.MREVIEW_NUM,A.JOIN_CODE,A.MREVIEW_CONTENT,A.MREVIEW_WRITER
		,MREVIEW_DATE
		,B.MOVIE_CODE
		FROM MPG_REVIEW A INNER JOIN PG_MOVIE B
		ON A.JOIN_CODE = B.MOVIE_CODE WHERE
		MOVIE_CODE=#{param1,jdbcType=VARCHAR}

		SELECT * FROM MPG_REVIEW WHERE JOIN_CODE=#{param1,jdbcType=VARCHAR} -->
		
		SELECT * FROM MPG_REVIEW WHERE JOIN_CODE=#{param1}

	</select>

	<insert id="review_insert">
		INSERT INTO MPG_REVIEW(MREVIEW_NUM,
		MREVIEW_WRITER,MREVIEW_CONTENT,MREVIEW_RATING,MREVIEW_DATE)
		VALUES(review_num_seq.nextval,#{param1},
		#{param2},
		#{param3},
		#{param4},sysdate)

	</insert>

	<update id="review_modify">
		UPDATE MPG_REVIEW SET
		MREVIEW_WRITER=#{param2},MREVIEW_CONTENT=#{param3},
		MREVIEW_RATING=#{param4}
		WHERE
		MREVIEW_NUM=#{param1}
	</update>

	<delete id="review_delete">
		DELETE FROM MPG_REVIEW WHERE MREVIEW_NUM=#{param1}

	</delete>

</mapper>