<?xml version="1.0" encoding="UTF-8"?>

<!DOCTYPE mapper
    PUBLIC "-//mybatis.org//DTD Mapper 3.0//EN"
    "http://mybatis.org/dtd/mybatis-3-mapper.dtd">

<mapper namespace="com.tech.PlamingGo.dao.DramaDao">
	  <!--  
	  		1. mapper namespace = dao패키지의 DramaDao 클래스 접속
	  		2. id = 메소드 이름 / dao 패키지의 인터페이스 DramaDao.java의 메소드 이름 = DramaDao.xml의 id 
	   		3. ArrayList타입의 <BoardDto>가 resultType에 속하게 됨 ... BoardDto는 .dto 패키지에 속하는 클래스
	   		   (왜 resultType을 ArrayList가 아닌 BoardDto로 두는가?
	   		        → BoardDto만 열어서 가져와도 알아서 mybatis에 의해서 id가 list인 메소드 안의 sql문을 가져와서 실행한다.)
	   		4. BoardDao클래스에서 ArrayList<BoardDto> list()의 sql문은 select이다.
	   		5. <select></selct>안에는 해당 sql문장이 들어오고, 모두 대문자로 바꿔줌
	   		※ resultType은 return받는 타입이 void가 아닌 필드를 가진 곳에서 사용..!
	   -->

	<!-- 드라마 리스트 -->
	<select id="drama" resultType="com.tech.PlamingGo.dto.DramaDto">
		SELECT DRAMA_CODE,DRAMA_IMG,DRAMA_TITLE,DRAMA_RATING,DRAMA_AGE,DRAMA_EPI 
		FROM PG_DRAMA ORDER BY DRAMA_DATE DESC, DRAMA_RATING DESC
	</select>
	
	<!-- 페이징 처리 (전체 드라마 데이터 개수)(views > drama.jsp에 페이징 처리!) -->
	<select id="selectDramaCount" resultType="Integer">
		SELECT COUNT(*) FROM PG_DRAMA
	</select>
	
	<!-- 해당 드라마 상세보기 -->
	<select id="drama_detailview" resultType="com.tech.PlamingGo.dto.DramaDto">
		SELECT * FROM PG_DRAMA WHERE DRAMA_CODE=#{param1,jdbcType=VARCHAR}	
	</select>
	
</mapper>