<?xml version="1.0" encoding="UTF-8"?>

<!DOCTYPE mapper
    PUBLIC "-//mybatis.org//DTD Mapper 3.0//EN"
    "http://mybatis.org/dtd/mybatis-3-mapper.dtd">

<mapper namespace="com.tech.PlamingGo.dao.DramaDao">

	<!-- 드라마 리스트 -->
	<select id="drama" resultType="com.tech.PlamingGo.dto.DramaDto">
		SELECT CODE,IMG,TITLE,OPENDATE,RATING,AGE,EPI
		FROM (SELECT CODE,IMG,TITLE,OPENDATE,RATING,AGE,EPI,
			  ROW_NUMBER() OVER(ORDER BY OPENDATE DESC, RATING DESC) D_SEQ
			  FROM PG_DRAMA)
		WHERE D_SEQ BETWEEN #{param1} AND #{param2}
	</select>
	
	<!-- 페이징 처리 (전체 드라마 데이터 개수)(views > drama.jsp에 페이징 처리!) -->
	<select id="selectDramaCount" resultType="Integer">
		SELECT COUNT(*) FROM PG_DRAMA
	</select>
	
	<!-- 상세보기 -->
	<select id="drama_detailview" resultType="com.tech.PlamingGo.dto.DramaDto">
		SELECT * FROM PG_DRAMA WHERE CODE=#{param1,jdbcType=VARCHAR}	
	</select>
	
	<!-- 조회수 증가 --> 
	<update id="upHit">
		UPDATE PG_DRAMA SET HITS=HITS+1 WHERE CODE=#{param1,jdbcType=VARCHAR}
	</update>
	
	<!-- 게시판 글 작성 -->
	<insert id="insert_page">
		INSERT INTO PG_DRAMA(CODE,IMG,TITLE,OPENDATE,NATION,AGE,EPI,
		DIRECTOR,ACTOR,GENRE,SUMMARY) VALUES(CODE_SEQ.NEXTVAL,
		#{param1, jdbcType=VARCHAR}, #{param2, jdbcType=VARCHAR}, 
		#{param3, jdbcType=VARCHAR}, #{param4, jdbcType=VARCHAR}, 
		#{param5, jdbcType=VARCHAR}, #{param6, jdbcType=VARCHAR}, 
		#{param7, jdbcType=VARCHAR}, #{param8, jdbcType=VARCHAR}, 
		#{param9, jdbcType=VARCHAR}, #{param10, jdbcType=VARCHAR})
	
	</insert>
</mapper>