<?xml version="1.0" encoding="UTF-8"?>

<!DOCTYPE mapper
    PUBLIC "-//mybatis.org//DTD Mapper 3.0//EN"
    "http://mybatis.org/dtd/mybatis-3-mapper.dtd">

<mapper namespace="com.tech.PlamingGo.dao.DramaDao">

	<!-- 드라마 리스트 db에서 모두 가져오기-->
	<select id="drama" resultType="com.tech.PlamingGo.dto.DramaDto">
		SELECT CODE,IMG,TITLE,OPENDATE,RATING,AGE,EPI
		FROM (SELECT CODE,IMG,TITLE,OPENDATE,RATING,AGE,EPI,
			  ROW_NUMBER() OVER(ORDER BY OPENDATE DESC, RATING DESC) D_SEQ
			  FROM PG_DRAMA)
		WHERE D_SEQ BETWEEN #{param1} AND #{param2}
	</select>
	
	<!-- 페이징 처리 (전체 드라마 데이터 개수)(views > drama.jsp에 페이징 처리!) -->
	<select id="selectDramaCount" resultType="Integer">
		SELECT COUNT(*) FROM PG_DRAMA
	</select>
	
	<!-- 상세보기 -->
	<select id="drama_detailview" resultType="com.tech.PlamingGo.dto.DramaDto">
		SELECT * FROM PG_DRAMA WHERE CODE=#{param1,jdbcType=VARCHAR}	
	</select>
	
	<!-- 조회수 증가 --> 
	<update id="upHit">
		UPDATE PG_DRAMA SET HITS=HITS+1 WHERE CODE=#{param1,jdbcType=VARCHAR}
	</update>
	
	<!-- 등록 -->
	<insert id="insert_page">
		INSERT INTO PG_DRAMA(CODE,IMG,TITLE,RATING,OPENDATE,NATION,AGE,
		EPI,DIRECTOR,ACTOR,GENRE,SUMMARY,TRAILER) VALUES(CODE_SEQ.NEXTVAL,
		#{param1, jdbcType=VARCHAR},#{param2},#{param3},#{param4},#{param5},#{param6},
		#{param7},#{param8},#{param9},#{param10},#{param11},#{param12})
	</insert>
	
	<!-- 상세보기의 내용 → 수정 페이지로 전달 -->
	<select id="modify" resultType="com.tech.PlamingGo.dto.DramaDto">
		SELECT * FROM PG_DRAMA WHERE CODE=#{param1, jdbcType=VARCHAR}	
	</select>
	
	<!-- 수정 -->
	<update id="modify_page">
		UPDATE PG_DRAMA SET IMG=#{param2, jdbcType=VARCHAR},TITLE=#{param3, jdbcType=VARCHAR},
		RATING=#{param4, jdbcType=VARCHAR},OPENDATE=#{param5, jdbcType=VARCHAR},
		NATION=#{param6, jdbcType=VARCHAR},AGE=#{param7, jdbcType=VARCHAR},
		EPI=#{param8, jdbcType=VARCHAR},DIRECTOR=#{param9, jdbcType=VARCHAR},
		ACTOR=#{param10, jdbcType=VARCHAR},GENRE=#{param11, jdbcType=VARCHAR},
		SUMMARY=#{param12, jdbcType=VARCHAR}
		WHERE CODE=#{param1, jdbcType=VARCHAR}
	</update>
	
	<!-- 삭제 -->
	<delete id="delete">
		DELETE FROM PG_DRAMA WHERE CODE=#{param1}
	</delete>
	
</mapper>